{"title":"San Diego Restaurants Closures & Downgrades This Week (January 30 - February 5) Due To County Health Department Inspections","path":"/2026/02/san-diego-restaurants-closures.html","site":"http://www.sandiegoville.com","atUri":"at://did:plc:c2mw52wnmpyhd7v7jfbjg7fc/site.standard.document/3mebtdjfcxpv2","publishedAt":"2026-02-07T03:30:00Z","tags":"sdfoodinfo.org;County of San Diego Public Records Request;January 23-29, 2026;January 16-22, 2026;January 9-15, 2026;January 2-8, 2026;FULL 2025 LIST;December 26 - January 1, 2026;December 19-25, 2025;December 12-18, 2025;December 5-11, 2025;November 28 - December 4, 2025;November 21-27, 2025;November 14-20, 2025;November 7-13, 2025;October 31 - November 6, 2025;October 24-30, 2025;October 17-23, 2025;October 10-16, 2025;October 3-9, 2025;September 26 - October 2, 2025;September 19-25, 2025;September 12-18, 2025;September 5-11, 2025;August 29 - September 4, 2025;August 22-28, 2025;August 15-21, 2025;August 8-14, 2025;August 1-7, 2025;July 25-31, 2025;July 18-24, 2025;July 11-17, 2025;July 4-10, 2025;June 27 - July 3, 2025;June 20-26, 2025;June 13-19 2025;June 6-12, 2025;May 30 - June 5, 2025;May 23-29, 2025;May 16-22, 2025;May 9-15, 2025;May 2-8, 2025;April 25 - May 1, 2025;April 18-24, 2025;April 11-17, 2025;April 4-10, 2025;March 28 - April 3, 2025;March 21-27, 2025;March 14-21, 2025;March 7-13, 2025;February 28 - March 6, 2025;February 21-27, 2025;February 14-20, 2025;February 7-13, 2025;January 31 - February 6, 2025;January 24-30, 2025;January 17-23, 2025;January 10-16, 2025;December 8-13, 2024"}